Image Name,Sentiment Score,Category
aespa1.txt,0.10779597156398103,Popular
aespa2.txt,0.30593676190476193,Popular
aespa3.txt,0.09337058252427184,Popular
aespa4.txt,0.09718522119591638,Popular
aespa5.txt,0.009931904369332235,Popular
aespa6.txt,0.30179371727748694,Popular
aespa7.txt,0.1691134393063584,Popular
aespa8.txt,0.22158644859813084,Popular
