Image Name,Sentiment Score,Category
aespa1.txt,0.1112403846153846,Popular
aespa2.txt,0.32219333333333333,Popular
aespa3.txt,0.09862102689486552,Popular
aespa4.txt,0.10055849514563107,Popular
aespa5.txt,0.0075542234332425075,Popular
aespa6.txt,0.3018711538461539,Popular
aespa7.txt,0.15851617647058824,Popular
aespa8.txt,0.22221603773584905,Popular
